file_name,url,file_size,modification_date,author,subject,keywords,creation_date,producer,number_of_pages,version,source
Microsoft Word - SPANISH SEIN_NREL Release Final.docx,http://www.slc.gov/mayor/wp-content/uploads/sites/51/2022/03/SPANISH-SEIN_NREL-Release-Final.pdf,97.3KB,2022-03-03 20:32:55+00:00,,,,2022-03-03 20:32:55+00:00,macOS Version 11.6 (Build 20G165) Quartz PDFContext,3,_____1.3,https://www.slc.gov/blog/2022/03/02/salt-lake-city-accepted-into-prestigious-program-to-advance-commercial-scale-solar-on-the-westside/
Microsoft Word - Press Release Template.docx,http://www.slc.gov/wp-content/uploads/2022/10/Spanish-Federal-Grants.pdf,120.9KB,2022-10-18 18:14:05+00:00,,,,2022-10-18 18:14:05+00:00,macOS Version 12.4 (Build 21F79) Quartz PDFContext,2,_____1.3,https://www.slc.gov/blog/2022/10/18/applications-for-annual-cdbg-esg-home-and-hopwa-federal-grant-programs-now-being-accepted-for-fiscal-year-2023-2024/
Spanish-For-Release-Salt-Lake-City-provides-first-update-on-Public-Safety-Plan-progress.pdf,http://www.slc.gov/mayor/wp-content/uploads/sites/51/2025/02/Spanish-For-Release-Salt-Lake-City-provides-first-update-on-Public-Safety-Plan-progress.pdf,925.2KB,2025-02-05 00:02:29+00:00,,,,2025-02-05 00:02:29+00:00,macOS Version 15.1 (Build 24B83) Quartz PDFContext,6,%PDF-1.3,https://www.slc.gov/blog/2025/02/03/salt-lake-city-provides-first-update-on-public-safety-plan-progress/
Spanish-Details-released-for-the-memorial-service-of-former-Salt-Lake-City-Mayor-Ted-Wilson.pdf,http://www.slc.gov/mayor/wp-content/uploads/sites/51/2024/05/Spanish-Details-released-for-the-memorial-service-of-former-Salt-Lake-City-Mayor-Ted-Wilson.pdf,99.2KB,2024-05-14 22:07:30+00:00,,,,2024-05-14 22:07:30+00:00,macOS Version 12.7.4 (Build 21H1123) Quartz PDFContext,1,%PDF-1.3,https://www.slc.gov/blog/2024/05/14/details-released-for-the-memorial-service-of-former-salt-lake-city-mayor-ted-wilson/
"Spanish_ New parking stations in SLC deliver inclusive technology, smoother user experience",http://www.slc.gov/mayor/wp-content/uploads/sites/51/2024/08/Spanish_-New-parking-stations-in-SLC-deliver-inclusive-technology-smoother-user-experience.pdf,98.5KB,2024-08-08 18:33:30+00:00,"Detrick, Ashley",,,2024-08-08 18:33:30+00:00,macOS Version 14.5 (Build 23F79) Quartz PDFContext,1,%PDF-1.3,https://www.slc.gov/blog/2024/08/08/new-parking-stations-in-slc-deliver-inclusive-technology-smoother-user-experience/
ExecutiveOrder5_SPANISH.pdf,http://www.slcdocs.com/mayor/ExecutiveOrder5_SPANISH.pdf,91.2KB,2020-08-04 23:57:12+00:00,Renato Rios Gonzalez,,,2020-08-04 23:57:12+00:00,,4,%PDF-1.7,https://www.slc.gov/blog/2020/08/03/mayor-mendenhall-slcpd-chief-mike-brown-announce-substantive-policy-changes/
Microsoft Word - Budget Speech - Spanish.docx,http://www.slc.gov/mayor/wp-content/uploads/sites/51/2022/05/Budget-Speech-English.pdf,83.1KB,2022-05-04 03:35:20+00:00,,,,2022-05-04 03:35:20+00:00,macOS Version 11.6.5 (Build 20G527) Quartz PDFContext,10,%PDF-1.3,https://www.slc.gov/blog/2022/05/03/salt-lake-city-mayor-erin-mendenhall-presents-fiscal-year-2023-budget-proposal-to-city-council/
Microsoft Word - Budget Speech - Spanish.docx,http://www.slc.gov/mayor/wp-content/uploads/sites/51/2022/05/Budget-Speech-Spanish.pdf,99.5KB,2022-05-04 03:23:45+00:00,,,,2022-05-04 03:23:45+00:00,macOS Version 11.6.5 (Build 20G527) Quartz PDFContext,12,%PDF-1.3,https://www.slc.gov/blog/2022/05/03/salt-lake-city-mayor-erin-mendenhall-presents-fiscal-year-2023-budget-proposal-to-city-council/
2021_Recommendations_Salt Lake City Resident Food Equity Advisors,http://www.slcdocs.com/slcgreen/Food/2021_RFEA_Recommendations.pdf,1.6MB,2021-07-15 08:45:13-06:00,R.Carbaugh,,,2021-07-14 22:14:05+00:00,macOS Version 10.15.5 (Build 19F101) Quartz PDFContext,25,%PDF-1.4,https://www.slc.gov/blog/2023/08/15/salt-lake-city-announces-food-equity-microgrant-awardees/
Spanish_Olympics.pdf,http://www.slc.gov/mayor/wp-content/uploads/sites/51/2023/11/Spanish_Olympics.pdf,130.2KB,2023-11-29 22:11:27+00:00,,,,2023-11-29 22:11:27+00:00,macOS Version 12.4 (Build 21F79) Quartz PDFContext,2,%PDF-1.3,https://www.slc.gov/blog/2023/11/29/utah-leaders-community-celebrate-momentous-step-in-bid-for-salt-lake-city-utah-2034-winter-games/
ExecutiveOrder_3_2021.pdf,http://www.slcdocs.com/mayor/ExecutiveOrder_3_2021.pdf,1.7MB,2021-07-28 16:17:42-06:00,,,,2021-07-28 16:17:42-06:00,iTextSharp 4.1.7 by 1T3XT,4,%PDF-1.6,https://www.slc.gov/health-faqs/
snapfaq.pdf,https://jobs.utah.gov/covid19/snapfaq.pdf,167.6KB,2023-01-04 21:52:32+00:00,,,,2023-01-04 21:52:32+00:00,Skia/PDF m108,3,%PDF-1.4,https://www.slc.gov/food-services-faq/
Salt-Lake-County-Sheet.pdf,http://www.slc.gov/mayor/wp-content/uploads/sites/51/2020/03/Salt-Lake-County-Sheet.pdf,203.0KB,2020-03-16 10:05:04-06:00,Karen Rodriguez,,,2020-03-16 10:05:04-06:00,Microsoft® Word 2010,5,%PDF-1.5,https://www.slc.gov/food-services-faq/
Main-Street-vision-Spanish.pdf,http://www.slc.gov/mayor/wp-content/uploads/sites/51/2023/08/Main-Street-vision-Spanish.pdf,117.3KB,2023-08-04 18:58:48+00:00,,,,2023-08-04 18:58:48+00:00,macOS Version 12.4 (Build 21F79) Quartz PDFContext,2,%PDF-1.3,https://www.slc.gov/blog/2023/08/03/salt-lake-city-seeks-public-feedback-on-main-street-vision/
RF100-CaseStudies_2017.pdf,https://www.sierraclub.org/sites/www.sierraclub.org/files/blog/RF100-CaseStudies_2017.pdf,2.6MB,2017-12-05 14:02:32-08:00,,,,2017-12-05 14:02:14-08:00,Adobe PDF Library 15.0,32,%PDF-1.7,https://www.slc.gov/blog/2017/11/14/salt-lake-city-featured-in-sierra-clubs-ready-for-100-clean-energy-report/
RacismPublicHealthCrisis_CeremonialResolution_07202021.pdf,http://www.slcdocs.com/council/WebDoc/RacismPublicHealthCrisis_CeremonialResolution_07202021.pdf,612.7KB,2021-07-20 16:20:46-06:00,"Lau, Amanda",,,2021-07-20 16:20:43-06:00,Adobe PDF Library 21.5.90,3,%PDF-1.6,https://www.slc.gov/blog/2021/07/21/mayor-mendenhall-salt-lake-city-council-declare-racism-a-public-health-crisis/
Microsoft Word - Press Release Template.docx,http://www.slc.gov/mayor/wp-content/uploads/sites/51/2023/09/spanish-Aplicaciones-en-Salt-Lake-City-para-los-programas-federales-CDBG-ESG-HOME-HOPWA-CDBG-CV-y-HOME-ARP-están-abiertas-para-el-Año-Fiscal-2024-202536.pdf,211.5KB,2023-09-20 23:06:14+00:00,"Alequin, Veatriz",,,2023-09-08 18:47:09+00:00,"macOS Version 12.4 (Build 21F79) Quartz PDFContext, AppendMode 1.1",2,%PDF-1.6,https://www.slc.gov/blog/2023/09/20/applications-for-cdbg-esg-home-hopwa-cdbg-cv-and-home-arp-federal-grant-programs-now-being-accepted-for-fiscal-year-2024-2025/
Microsoft Word - proclamation 7.4.docx,http://www.slc.gov/mayor/wp-content/uploads/sites/51/2020/04/Final-Emergency-Proclamation-7.pdf,207.0KB,2020-04-10 16:11:02-07:00,,,,2020-04-10 22:32:10+00:00,Adobe Sign,3,%PDF-1.7,https://www.slc.gov/blog/2020/04/10/mayor-erin-mendenhall-issues-seventh-emergency-proclamation/
Resolution452020.pdf,http://www.slcdocs.com/mayor/Resolution452020.pdf,488.7KB,2021-01-04 22:24:19-08:00,"Poulson, Tyler",,,2020-12-17 16:27:08-07:00,Adobe Sign,3,%PDF-1.7,https://www.slc.gov/blog/2021/01/13/salt-lake-city-passes-joint-resolution-establishing-electrified-transportation-goals/
Microsoft Word - RHG_ENR_Taking_Stock_24May2017,http://rhg.com/wp-content/uploads/2017/05/RHG_ENR_Taking_Stock_24May2017.pdf,135.4KB,2017-05-25 10:27:28-04:00,John Larsen,,,2017-05-25 10:27:28-04:00,Acrobat Distiller 15.0 (Windows),10,%PDF-1.4,https://www.slc.gov/blog/2017/06/26/mayor-biskupski-instrumental-in-u-s-mayors-adoption-of-historic-100-percent-clean-energy-resolution/
7_8_20CDP.pdf,http://www.slcdocs.com/mayor/7_8_20CDP.pdf,140.0KB,2020-07-08 11:39:38-06:00,"Bier, David",,,2020-07-08 17:34:50+00:00,,2,%PDF-1.7,https://www.slc.gov/blog/2020/07/08/salt-lake-city-calls-on-local-artists-to-help-design-black-lives-matter-mural/
"Spanish - mySLC launches as enhanced one-stop digital service tool for residents to submit requests, feedback",http://www.slc.gov/mayor/wp-content/uploads/sites/51/2025/01/Spanish-mySLC-launches-as-enhanced-one-stop-digital-service-tool-for-residents-to-submit-requests-feedback.pdf,96.8KB,2025-01-16 17:20:47+00:00,"Detrick, Ashley",,,2025-01-16 17:20:47+00:00,macOS Version 15.1 (Build 24B83) Quartz PDFContext,2,%PDF-1.3,https://www.slc.gov/blog/2025/01/15/myslc-launches-as-enhanced-one-stop-digital-service-tool-for-residents-to-submit-requests-feedback/
Spanish-Approval-of-17.7M-for-14-affordable-housing-projects-sets-Salt-Lake-City-record-Spanish.pdf,http://www.slc.gov/mayor/wp-content/uploads/sites/51/2024/03/Spanish-Approval-of-17.7M-for-14-affordable-housing-projects-sets-Salt-Lake-City-record-Spanish.pdf,118.9KB,2024-03-20 19:41:08+00:00,,,,2024-03-20 19:41:08+00:00,macOS Version 12.4 (Build 21F79) Quartz PDFContext,3,%PDF-1.3,https://www.slc.gov/blog/2024/03/20/approval-of-17-7-million-for-14-affordable-housing-projects-sets-salt-lake-city-record/
item_2020081320562428.pdf,http://www.slcdocs.com/council/agendas/2020agendas/August/18F/E1_Resolution_EstablishingtheCommissiononRacialEquityinPolicing.pdf,519.3KB,2020-08-17 17:08:40-06:00,,,,2020-08-13 20:56:24+00:00,Aspose.Pdf for .NET 17.7,4,%PDF-1.7,https://www.slc.gov/blog/2020/08/18/salt-lake-city-formally-establishes-commission-on-racial-equity-in-policing/
Spanish Tenant Resource Center,http://www.slc.gov/mayor/wp-content/uploads/sites/51/2024/10/Spanish-Tenant-Resource-Center.pdf,46.2KB,2024-10-30 22:42:24+00:00,"Detrick, Ashley",,,2024-10-30 22:42:24+00:00,macOS Version 14.6.1 (Build 23G93) Quartz PDFContext,3,%PDF-1.3,https://www.slc.gov/blog/2024/10/30/salt-lake-city-introduces-new-renter-resource-center-relocation-assistance/
Microsoft Word - SPANISH_Food_Equity_Microgrant_Press_Release.docx,http://www.slc.gov/wp-content/uploads/2023/02/SPANISH_Food_Equity_Microgrant_Press_Release.pdf,166.6KB,2023-02-02 21:01:17+00:00,,,,2023-02-02 21:01:17+00:00,macOS Version 12.4 (Build 21F79) Quartz PDFContext,2,%PDF-1.3,https://www.slc.gov/blog/2023/02/02/salt-lake-city-launches-microgrant-to-increase-food-equity-in-the-community/
SLC%20RFEA%202020-21%20Summary.pdf,http://www.slcdocs.com/slcgreen/Food/SLC%20RFEA%202020-21%20Summary.pdf,446.1KB,2021-08-10 07:53:29-06:00,,,,2021-08-10 07:53:28-06:00,Adobe PDF Library 15.0,2,%PDF-1.4,https://www.slc.gov/blog/2023/02/02/salt-lake-city-launches-microgrant-to-increase-food-equity-in-the-community/
ccfaqparents.pdf,http://www.slc.gov/mayor/wp-content/uploads/sites/51/2020/03/ccfaqparents.pdf,106.8KB,,,,,,Skia/PDF m82,2,%PDF-1.5,https://www.slc.gov/childcare-faqs/
SLC-1M-recycling-spanish.pdf,http://www.slc.gov/mayor/wp-content/uploads/sites/51/2023/12/SLC-1M-recycling-spanish.pdf,150.0KB,2023-12-27 23:21:24+00:00,,,,2023-12-27 23:21:24+00:00,macOS Version 12.4 (Build 21F79) Quartz PDFContext,2,%PDF-1.3,https://www.slc.gov/blog/2023/12/21/salt-lake-city-awarded-a-nearly-1m-grant-to-educate-promote-recycling-to-achieve-zero-waste-by-2040/
Viviendas y COVID-19,http://www.slcdocs.com/mayor/ViviendasCOVID19.pdf,177.5KB,2020-05-14 23:22:43+00:00,Public Services Communications,,"DAD7lU14LYs,BACkIdfEbfs",2020-05-14 23:22:43+00:00,Canva,2,%PDF-1.4,https://www.slc.gov/spanish-faq-inicio-financiero/
Rent_Relief_Information_2020,https://jobs.utah.gov/covid19/rentalassist.pdf,105.3KB,2021-01-19 14:53:25-07:00,,,,2021-01-19 14:53:25-07:00,Adobe PDF library 15.00,1,%PDF-1.5,https://www.slc.gov/spanish-faq-inicio-financiero/
rentalassistspan.pdf,http://www.slcdocs.com/mayor/rentalassistspan.pdf,218.4KB,2020-08-26 20:30:12-06:00,,,,2020-08-26 20:30:12-06:00,Microsoft® Word for Microsoft 365,1,%PDF-1.7,https://www.slc.gov/spanish-faq-inicio-financiero/
Volunteer form,https://www.slc.gov/mayor/wp-content/uploads/sites/51/2020/03/Volunteer-form-Spanish1.pdf,735.1KB,2020-03-17 18:36:41+00:00,Roxana,,"DAD2cF5beLM,BAD03qpO_X0",2020-03-17 18:36:41+00:00,Canva,1,%PDF-1.4,https://www.slc.gov/spanish-faq-inicio-financiero/
Challenge Nomination Form_2020_v3.pdf,http://www.slcdocs.com/slcgreen/Elevate Buildings/Challenge Nomination Form_2020_v3.pdf,246.2KB,2020-10-26 15:07:07-06:00,,,,2020-10-26 13:41:03-06:00,Adobe PDF Library 15.0,3,%PDF-1.6,https://www.slc.gov/blog/2021/01/28/salt-lake-city-recognizes-business-leadership-in-energy-efficiency/
Spanish_Salt Lake City announces partnership to bolster environmental resiliency in historically excluded communities,http://www.slc.gov/mayor/wp-content/uploads/sites/51/2024/09/Spanish_Salt-Lake-City-announces-partnership-to-bolster-environmental-resiliency-in-historically-excluded-communities.pdf,101.6KB,2024-09-19 20:38:20+00:00,"Detrick, Ashley",,,2024-09-19 20:38:20+00:00,macOS Version 14.6.1 (Build 23G93) Quartz PDFContext,3,%PDF-1.3,https://www.slc.gov/blog/2024/09/19/salt-lake-city-announces-partnership-to-bolster-environmental-resiliency-in-historically-excluded-communities/
MEDIA-RELEASE-SB272-Spanish.pdf,http://www.slc.gov/mayor/wp-content/uploads/sites/51/2024/02/MEDIA-RELEASE-SB272-Spanish.pdf,93.1KB,2024-02-23 18:09:49+00:00,,,,2024-02-23 18:09:49+00:00,macOS Version 12.4 (Build 21F79) Quartz PDFContext,1,%PDF-1.3,https://www.slc.gov/blog/2024/02/22/joint-statement-regarding-sb272/
SLC_Flag_1,http://slcdocs.com/images/slc_flag_1.pdf,424.8KB,2021-01-13 09:50:04-07:00,,,,2021-01-13 09:50:04-07:00,Adobe PDF library 15.00,1,%PDF-1.4,https://www.slc.gov/flag/
Social-Media-Terms-of-Use.pdf,http://www.slc.gov/wp-content/uploads/2020/11/Social-Media-Terms-of-Use.pdf,76.3KB,2020-11-05 00:30:58+00:00,"Button, Ronnie",,,2020-11-05 00:30:58+00:00,,2,%PDF-1.7,https://www.slc.gov/privacy-statement-and-accessibility/
mayor2020.pdf,https://www.slcdocs.com/budget/mayor2020.pdf,9.5MB,2022-05-03 20:29:19-06:00,,,,2019-05-08 10:23:58-06:00,Adobe PDF Library 15.0,279,%PDF-1.7,https://www.slc.gov/blog/2019/05/07/mayor-biskupski-presents-330-million-dollar-city-budget-with-focus-on-parks-housing-transit-police-and-roads/
spanish-human-rights-awardees.pdf,http://www.slc.gov/mayor/wp-content/uploads/sites/51/2024/12/spanish-human-rights-awardees.pdf,106.7KB,2024-12-16 17:57:43+00:00,,,,2024-12-16 17:57:43+00:00,macOS Version 15.1 (Build 24B83) Quartz PDFContext,3,%PDF-1.3,https://www.slc.gov/blog/2024/12/13/seven-individuals-organizations-in-salt-lake-city-awarded-for-their-human-rights-efforts/
Microsoft Word - 3.01.10_Gender_Pay_Equity.docx,http://www.slcdocs.com/HR/HRWebsite/Policies/3.01.10_Gender_Pay_Equity.pdf,84.5KB,,,,,,,1,%PDF-1.3,https://www.slc.gov/blog/2018/03/01/mayor-biskupski-signs-gender-pay-equity-policy-on-first-day-of-womens-history-month/
MidtermVacancyApplication.pdf,https://www.slcdocs.com/recorder/MidtermVacancyApplication.pdf,219.3KB,2023-06-09 09:47:09-06:00,%username%,,,2023-06-09 09:47:07-06:00,Adobe PDF Library 23.1.206,3,%PDF-1.6,https://www.slc.gov/blog/2023/06/26/council-salt-lake-city-begins-accepting-applications-for-district-7-appointment/
"Microsoft Word - Expanded homeless services, affordable housing and clean air initiatives Spanish.docx",http://www.slc.gov/mayor/wp-content/uploads/sites/51/2023/06/Expanded-homeless-services-affordable-housing-and-clean-air-initiatives-Spanish.pdf,115.0KB,2023-06-20 19:31:03+00:00,,,,2023-06-20 19:31:03+00:00,macOS Version 12.4 (Build 21F79) Quartz PDFContext,2,%PDF-1.3,https://www.slc.gov/blog/2023/06/15/expanded-homeless-services-affordable-housing-and-clean-air-initiatives-highlight-salt-lake-citys-fiscal-year-2023-2024-budget/
Spanish_Public invited to view Salt Lake City’s new Liberty Park playground concept,http://www.slc.gov/mayor/wp-content/uploads/sites/51/2024/07/Spanish_Public-invited-to-view-Salt-Lake-Citys-new-Liberty-Park-playground-concept.pdf,102.3KB,2024-07-10 18:42:57+00:00,"Detrick, Ashley",,,2024-07-10 18:42:57+00:00,macOS Version 14.5 (Build 23F79) Quartz PDFContext,2,%PDF-1.3,https://www.slc.gov/blog/2024/07/10/public-invited-to-view-salt-lake-citys-new-liberty-park-playground-concept/
Microsoft Word - Press Release Template.docx,http://www.slc.gov/mayor/wp-content/uploads/sites/51/2022/02/SPANISH-HelloBulk-Press-Release.pdf,104.8KB,2022-02-23 21:38:01+00:00,,,,2022-02-23 21:38:01+00:00,macOS Version 11.6 (Build 20G165) Quartz PDFContext,2,%PDF-1.3,https://www.slc.gov/blog/2022/02/23/local-zero-waste-store-and-slc-economic-development-loan-fund-recipient-hellobulk-sells-goods-without-the-waste/
SPanish_Family-oriented-initiatives-get-priority-in-Mayor-Mendenhalls-proposed-FY2025-budget.pdf,http://www.slc.gov/mayor/wp-content/uploads/sites/51/2024/05/SPanish_Family-oriented-initiatives-get-priority-in-Mayor-Mendenhalls-proposed-FY2025-budget.pdf,47.9KB,2024-05-08 16:36:59+00:00,,,,2024-05-08 16:36:59+00:00,macOS Version 12.7.4 (Build 21H1123) Quartz PDFContext,2,%PDF-1.3,https://www.slc.gov/blog/2024/05/07/family-oriented-initiatives-get-priority-in-mayor-mendenhalls-proposed-fy2025-budget/
COVID-19_Business_Packet_FIN.pdf,https://coronavirus-download.utah.gov/business/COVID-19_Business_Packet_FIN.pdf,9.6MB,2022-10-13 16:43:43-06:00,,,,2022-10-13 16:43:37-06:00,Adobe PDF Library 16.0.7,87,%PDF-1.5,https://www.slc.gov/health-faqs/
Event Management Template,https://coronavirus-download.utah.gov/business/Yellow/COVID_19_Event_Planning_Template.pdf,72.3KB,,,,,,Skia/PDF m92 Google Docs Renderer,3,%PDF-1.4,https://www.slc.gov/health-faqs/
Spanish-Salt Lake City opens another 110 new affordable housing units,http://www.slc.gov/mayor/wp-content/uploads/sites/51/2025/01/Spanish-Salt-Lake-City-opens-another-110-new-affordable-housing-units.pdf,90.1KB,2025-01-08 23:56:25+00:00,"Detrick, Ashley",,,2025-01-08 23:56:25+00:00,macOS Version 15.1 (Build 24B83) Quartz PDFContext,2,%PDF-1.3,https://www.slc.gov/blog/2025/01/08/salt-lake-city-opens-another-110-new-affordable-housing-units/
Untitled document,http://www.slc.gov/mayor/wp-content/uploads/sites/51/2023/05/2023-Budget-Speech.pdf,71.0KB,,,,,,Skia/PDF m114 Google Docs Renderer,8,%PDF-1.4,https://www.slc.gov/blog/2023/05/02/affordable-housing-air-quality-get-top-billing-in-mayor-mendenhalls-proposed-fiscal-year-2024-budget/
Microsoft Word - Budget-Speech-May-2023-Spanish.docx,http://www.slc.gov/mayor/wp-content/uploads/sites/51/2023/05/Budget-Speech-May-2023-Spanish.pdf,54.1KB,2023-05-03 00:38:51+00:00,,,,2023-05-03 00:38:51+00:00,macOS Version 13.2.1 (Build 22D68) Quartz PDFContext,6,%PDF-1.3,https://www.slc.gov/blog/2023/05/02/affordable-housing-air-quality-get-top-billing-in-mayor-mendenhalls-proposed-fiscal-year-2024-budget/
Microsoft Word - 2023 State of the City Address (1)[54].docx,https://www.slc.gov/mayor/wp-content/uploads/sites/51/2023/01/2023-State-of-the-City-Address-.pdf,127.6KB,2023-01-25 19:33:02+00:00,,,,2023-01-25 19:33:02+00:00,macOS Version 12.4 (Build 21F79) Quartz PDFContext,15,%PDF-1.3,https://www.slc.gov/blog/2023/01/31/mayor-mendenhall-announces-2023-goals/
8_20_Emergency Declaration.pdf,http://www.slcdocs.com/mayor/8_20_Emergency Declaration.pdf,3.1MB,2021-08-20 19:40:49+00:00,,,,2021-08-20 19:40:49+00:00,Skia/PDF m92,6,%PDF-1.4,https://www.slc.gov/blog/2021/08/20/salt-lake-city-mayor-erin-mendenhall-issues-order-requiring-masks-to-be-worn-in-k-12-schools-citywide/
COVID-19_Business_Packet_FIN-es.pdf,https://coronavirus-download.utah.gov/business/COVID-19_Business_Packet_FIN-es.pdf,6.8MB,2020-10-19 14:55:02-06:00,,,,2020-10-19 14:54:56-06:00,Adobe PDF Library 15.0,54,%PDF-1.5,https://www.slc.gov/spanish-faq-la-sanidad/
COVID19_Infosheet_Spanish,https://www.slc.gov/mayor/wp-content/uploads/sites/51/2020/04/COVID19_Infosheet_Spanish.pdf,6.0MB,2020-04-02 16:53:50-06:00,,,,2020-04-02 16:53:50-06:00,Adobe PDF library 15.00,2,%PDF-1.5,https://www.slc.gov/spanish-faq-la-sanidad/
8_20_Emergency%20Declaration.pdf,http://www.slcdocs.com/mayor/8_20_Emergency%20Declaration.pdf,3.1MB,2021-08-20 19:40:49+00:00,,,,2021-08-20 19:40:49+00:00,Skia/PDF m92,6,%PDF-1.4,https://www.slc.gov/health-faqs/
Health_guidance_for_all_levels.pdf,https://coronavirus-download.utah.gov/Health/Health_guidance_for_all_levels.pdf,107.6KB,2021-03-05 22:54:59+00:00,,,,2021-03-05 22:54:59+00:00,,4,%PDF-1.7,https://www.slc.gov/covid-faq-2-0/
Copy of gallivan 2021 sched,https://slcrda.com/wp-content/uploads/2021/07/gallivan-2021-sched.pdf,3.2MB,2021-07-15 23:05:14+00:00,Amanda Greenland,,"DAEkTpbv8k8,BACF3Zdbs3U",2021-07-15 23:05:14+00:00,Canva,1,%PDF-1.4,https://www.slc.gov/blog/2021/07/16/9181/
Microsoft Word - SevenCanyonsFountain_Spanish[83].docx,http://www.slc.gov/wp-content/uploads/2023/03/SevenCanyonsFountain_Spanish83.pdf,45.9KB,2023-03-29 17:58:41+00:00,,,,2023-03-29 17:58:41+00:00,macOS Version 12.4 (Build 21F79) Quartz PDFContext,2,%PDF-1.3,https://www.slc.gov/blog/2023/03/28/salt-lake-city-to-reimagine-seven-canyons-fountain-in-liberty-park-as-dry-art-feature/
Spanish-Salt-Lake-Citys-Redevelopment-Agency-announces-new-name-reflecting-community-centered-shift.pdf,http://www.slc.gov/mayor/wp-content/uploads/sites/51/2025/01/Spanish-Salt-Lake-Citys-Redevelopment-Agency-announces-new-name-reflecting-community-centered-shift.pdf,76.9KB,2025-01-10 21:25:32+00:00,,,,2025-01-10 21:25:32+00:00,macOS Version 15.1 (Build 24B83) Quartz PDFContext,2,%PDF-1.3,https://www.slc.gov/blog/2025/01/10/salt-lake-citys-redevelopment-agency-announces-new-name-reflecting-community-centered-shift/
SLCRMP%202019.pdf,http://www.slcdocs.com/slcgreen/SLCRMP%202019.pdf,880.0KB,2020-05-27 15:35:46-06:00,,,,2020-05-27 15:27:30-06:00,Adobe PDF Library 20.9.95,14,%PDF-1.7,https://www.slc.gov/blog/2017/04/26/mayor-biskupski-a-leader-in-u-s-mayors-new-national-drive-for-100-percent-clean-energy/
spanish-Grant-funding-available-to-help-under-resourced-Salt-Lake-City-business-owners-go-solar-Spanish.pdf,http://www.slc.gov/mayor/wp-content/uploads/sites/51/2024/02/spanish-Grant-funding-available-to-help-under-resourced-Salt-Lake-City-business-owners-go-solar-Spanish.pdf,136.6KB,2024-02-13 19:28:01+00:00,,,,2024-02-13 19:28:01+00:00,macOS Version 12.4 (Build 21F79) Quartz PDFContext,2,%PDF-1.3,https://www.slc.gov/blog/2024/02/13/grant-funding-available-to-help-under-resourced-salt-lake-city-business-owners-go-solar/
Glendale Tennis Courts,http://www.slcdocs.com/parks/Glendalepickleballengagementreport_9.23.pdf,416.2KB,2023-09-19 17:01:26-06:00,"Jimenez-Garcia, Mirva",Community Engagement Report,,2023-09-19 17:01:26-06:00,Microsoft® Word for Microsoft 365,5,%PDF-1.7,https://www.slc.gov/feedback/
SLC 2019 Resident Survey Results,https://www.slc.gov/wp-content/uploads/2021/04/SLC-2019-Resident-Survey-Results-1.pdf,17.1MB,,,,,,,49,%PDF-1.3,https://www.slc.gov/feedback/
Fairmont-Park-Tennis-Court-Engagment-Report.pdf,https://www.slc.gov/can/wp-content/uploads/sites/8/2019/11/Fairmont-Park-Tennis-Court-Engagment-Report.pdf,3.4MB,2019-07-18 16:18:13-06:00,"Strayer, Kyle",,,2019-07-18 16:18:13-06:00,Adobe Acrobat Pro DC 19.12.20035,116,%PDF-1.6,https://www.slc.gov/feedback/
FoF%20SLC%20Engagement%20Report.pdf,http://www.slcdocs.com/ced/FoF%20SLC%20Engagement%20Report.pdf,5.6MB,2018-04-12 11:13:53-06:00,,,,2018-04-12 11:13:53-06:00,Mac OS X 10.13.4 Quartz PDFContext,110,%PDF-1.6,https://www.slc.gov/feedback/
FoF%20Addendum%20Engagement%20Report%20042518.pdf,http://www.slcdocs.com/ced/FoF%20Addendum%20Engagement%20Report%20042518.pdf,3.1MB,2018-04-25 13:40:18-06:00,,,,2018-04-25 13:38:35-06:00,Acrobat Pro DC 18.11.20038,50,%PDF-1.6,https://www.slc.gov/feedback/
Microsoft Word - Engagement Overview.docx,http://www.slcdocs.com/parks/Taufer%20&%20Richmond%20Park%20Engagement%20Report%2001-2020.pdf,5.1MB,2020-01-16 14:05:01-07:00,,,,2020-01-16 14:05:01-07:00,Acrobat Pro DC 19.21.20061,69,%PDF-1.6,https://www.slc.gov/feedback/
Affordable%20Housing%20Report.pdf,http://www.slcdocs.com/Planning/Projects/2019/affordable%20housing/Affordable%20Housing%20Report.pdf,995.5KB,2020-01-22 11:34:24-07:00,,,,2020-01-22 11:34:24-07:00,Acrobat Pro DC 19.21.20061,72,%PDF-1.6,https://www.slc.gov/feedback/
InlandPortSurvey2.pdf,http://www.slcdocs.com/Planning/Planning%20Commission/2018/InlandPortSurvey2.pdf,1.3MB,2018-09-25 15:18:21-06:00,,,,2018-09-25 13:00:39-06:00,,20,%PDF-1.6,https://www.slc.gov/feedback/
InlandPortSurvey1.pdf,http://www.slcdocs.com/Planning/Planning%20Commission/2018/InlandPortSurvey1.pdf,2.5MB,2018-09-12 13:15:45-06:00,,,,2018-09-06 12:00:57-06:00,,106,%PDF-1.6,https://www.slc.gov/feedback/
Wasatch Hollow Park,https://www.slc.gov/parks/wp-content/uploads/sites/17/2022/09/WH-Engagement-Report.pdf,635.6KB,2022-09-16 16:53:46-06:00,"Jimenez-Garcia, Minerva",Engagement Report 2022,,2022-09-16 16:53:46-06:00,Microsoft® Word for Microsoft 365,7,%PDF-1.7,https://www.slc.gov/feedback/
Engagement+Window+%231+Summary+Report.pdf,https://static1.squarespace.com/static/5f2b27930beb4b4833c6f9b9/t/606373925afd8e0d3936a672/1617130416929/Engagement+Window+%231+Summary+Report.pdf,11.5MB,2021-03-30 10:45:39-06:00,,,,2021-03-30 10:45:10-06:00,Adobe PDF Library 15.0,41,%PDF-1.4,https://www.slc.gov/feedback/
2019_Rates_Survey_Results_Comments.pdf,http://www.slcdocs.com/slcgreen/Waste&Recycling/2019_Rates_Survey_Results_Comments.pdf,886.6KB,2020-02-20 11:05:58-07:00,"Nicholas, Sophia",,,2020-02-19 17:14:02-07:00,Adobe PDF Library 20.6.66,23,%PDF-1.6,https://www.slc.gov/feedback/
1700%20South%20Report%20(9-26).pdf,http://www.slcdocs.com/CAN/1700%20South%20Report%20(9-26).pdf,1.3MB,2018-09-26 10:47:28-06:00,,,,2018-09-17 15:00:24-06:00,,25,%PDF-1.6,https://www.slc.gov/feedback/
Typologies-Design-Guide-Feedback-Report-.pdf,http://www.slc.gov/wp-content/uploads/2022/03/Typologies-Design-Guide-Feedback-Report-.pdf,3.0MB,2022-03-23 13:28:25-06:00,,,,2022-03-14 15:28:36-06:00,Adobe PDF Library 16.0.5,8,%PDF-1.7,https://www.slc.gov/feedback/
Spanish_Open Streets and Green Loop Activations Coming to the Granary District,http://www.slc.gov/mayor/wp-content/uploads/sites/51/2024/08/Spanish_Open-Streets-and-Green-Loop-Activations-Coming-to-the-Granary-District.pdf,103.0KB,2024-08-19 20:33:25+00:00,"Detrick, Ashley",,,2024-08-19 20:33:25+00:00,macOS Version 14.6.1 (Build 23G93) Quartz PDFContext,2,%PDF-1.3,https://www.slc.gov/blog/2024/08/19/open-streets-and-green-loop-activations-coming-to-the-granary-district/
spanish-Design-Plan-for-City-Creek-Daylighting.FOR_IMMEDIATE_RELEASE-Spanish.pdf,http://www.slc.gov/mayor/wp-content/uploads/sites/51/2023/10/spanish-Design-Plan-for-City-Creek-Daylighting.FOR_IMMEDIATE_RELEASE-Spanish.pdf,136.6KB,2023-10-17 16:20:27+00:00,,,,2023-10-17 16:20:27+00:00,macOS Version 12.4 (Build 21F79) Quartz PDFContext,2,%PDF-1.3,https://www.slc.gov/blog/2023/10/17/design-plan-for-city-creek-daylighting-to-be-celebrated-alongside-folsom-trails-new-water-themed-mural-by-local-artists/
Media-Release-Salt-Lake-City-Sugar-House-Open-House-Spanish.pdf,http://www.slc.gov/mayor/wp-content/uploads/sites/51/2024/02/Media-Release-Salt-Lake-City-Sugar-House-Open-House-Spanish.pdf,28.8KB,2024-02-27 18:24:48+00:00,,,,2024-02-27 18:24:48+00:00,macOS Version 12.4 (Build 21F79) Quartz PDFContext,1,%PDF-1.3,https://www.slc.gov/blog/2024/02/27/salt-lake-city-invites-the-public-to-2100-s-construction-open-house/
Spanish_ Salt Lake City becomes the first Certified Welcoming city in Utah,http://www.slc.gov/mayor/wp-content/uploads/sites/51/2024/09/Spanish_-Salt-Lake-City-becomes-the-first-Certified-Welcoming-city-in-Utah.pdf,105.3KB,2024-09-16 20:55:43+00:00,"Detrick, Ashley",,,2024-09-16 20:55:43+00:00,macOS Version 14.6.1 (Build 23G93) Quartz PDFContext,2,%PDF-1.3,https://www.slc.gov/blog/2024/09/16/salt-lake-city-becomes-the-first-certified-welcoming-city-in-utah/
Salt Lake City Transit Master Plan - Executive Summary - DRAFT,http://www.slcdocs.com/ced/TMPExecSumm.pdf,12.8MB,2016-10-24 16:50:30-06:00,,,,2016-10-14 08:33:55-07:00,Adobe PDF Library 15.0,26,%PDF-1.6,https://www.slc.gov/blog/2017/05/31/mayor-biskupski-appoints-sen-jim-dabakis-to-uta-board-of-trustees/
Spanish-Vegan-gluten-free-bakery-in-Salt-Lake-City-approved-for-economic-development-loan-to-continue-operations.pdf,http://www.slc.gov/mayor/wp-content/uploads/sites/51/2025/01/Spanish-Vegan-gluten-free-bakery-in-Salt-Lake-City-approved-for-economic-development-loan-to-continue-operations.pdf,85.2KB,2025-01-22 19:10:08+00:00,,,,2025-01-22 19:10:08+00:00,macOS Version 15.1 (Build 24B83) Quartz PDFContext,2,%PDF-1.3,https://www.slc.gov/blog/2025/01/22/vegan-gluten-free-bakery-in-salt-lake-city-approved-for-economic-development-loan-to-continue-operations/
2024_Mtg_Schedule.pdf,https://www.slcdocs.com/council/2024_Mtg_Schedule.pdf,152.0KB,2024-07-10 11:06:19-06:00,,,,2024-07-09 17:55:54-06:00,Adobe PDF Library 24.2.159,3,%PDF-1.6,https://www.slc.gov/blog/2024/01/10/2024-council-leadership/
Spanish_EDLF Loan approved for Shades of Pale Inc to help build new Salt Lake City location,http://www.slc.gov/mayor/wp-content/uploads/sites/51/2024/08/Spanish_EDLF-Loan-approved-for-Shades-of-Pale-Inc-to-help-build-new-Salt-Lake-City-location.pdf,106.9KB,2024-08-05 19:58:08+00:00,"Detrick, Ashley",,,2024-08-05 19:58:08+00:00,macOS Version 14.5 (Build 23F79) Quartz PDFContext,2,%PDF-1.3,https://www.slc.gov/blog/2024/08/05/edlf-loan-approved-for-shades-of-pale-inc-to-help-build-new-salt-lake-city-location/
Spanish_Salt-Lake-City-opens-more-funding-for-communitys-Arts-Culture-and-Entertainment-ACE-events-in-2025.pdf,http://www.slc.gov/mayor/wp-content/uploads/sites/51/2024/10/Spanish_Salt-Lake-City-opens-more-funding-for-communitys-Arts-Culture-and-Entertainment-ACE-events-in-2025.pdf,71.3KB,2024-10-01 17:21:35+00:00,,,,2024-10-01 17:21:35+00:00,macOS Version 14.6.1 (Build 23G93) Quartz PDFContext,2,%PDF-1.3,https://www.slc.gov/blog/2024/10/01/salt-lake-city-opens-more-funding-for-communitys-arts-culture-and-entertainment-ace-events-in-2025/
16-273-amicus-brief.pdf,https://slcmayorblogdotcom.files.wordpress.com/2017/03/16-273-amicus-brief.pdf,194.6KB,2017-03-02 09:03:56-08:00,,,,2017-03-02 10:30:35-06:00,Acrobat Distiller 10.1.16 (Windows),55,%PDF-1.6,https://www.slc.gov/blog/2017/03/02/salt-lake-city-joins-31-jurisdictions-in-scotus-amicus-brief-supporting-transgender-students-and-title-ix/
Spanish_ $3.25M resident wealth-building housing pilot program launching in Salt Lake City,http://www.slc.gov/mayor/wp-content/uploads/sites/51/2024/11/Spanish_-3.25M-resident-wealth-building-housing-pilot-program-launching-in-Salt-Lake-City.pdf,103.7KB,2024-11-12 23:30:12+00:00,"Detrick, Ashley",,,2024-11-12 23:30:12+00:00,macOS Version 14.6.1 (Build 23G93) Quartz PDFContext,2,%PDF-1.3,https://www.slc.gov/blog/2024/11/12/3-25m-resident-wealth-building-housing-pilot-program-launching-in-salt-lake-city/
PrensaTipologias.pdf,http://www.slc.gov/wp-content/uploads/2020/06/PrensaTipologias.pdf,103.9KB,2020-06-18 22:38:37+00:00,"Bier, David",,,2020-06-18 22:38:37+00:00,,2,%PDF-1.7,https://www.slc.gov/blog/2020/06/18/salt-lake-city-invites-the-public-to-review-draft-of-new-street-typologies/
Microsoft Word - Press_Release_01252023_Spanish.docx,http://www.slc.gov/wp-content/uploads/2023/01/PR-01252023_Spanish.pdf,151.1KB,2023-01-26 18:10:56+00:00,,,,2023-01-26 18:10:56+00:00,macOS Version 12.4 (Build 21F79) Quartz PDFContext,3,%PDF-1.3,https://www.slc.gov/blog/2023/01/24/mayor-mendenhall-announces-historic-100-million-investment-in-ballpark-neighborhood-bold-goals-for-water-conservation-during-fourth-state-of-the-city-address/
Microsoft Word - 2023 State of the City Address (1)[54].docx,http://www.slc.gov/wp-content/uploads/2023/01/2023-State-of-the-City-Address-.pdf,127.6KB,2023-01-25 19:33:02+00:00,,,,2023-01-25 19:33:02+00:00,macOS Version 12.4 (Build 21F79) Quartz PDFContext,15,%PDF-1.3,https://www.slc.gov/blog/2023/01/24/mayor-mendenhall-announces-historic-100-million-investment-in-ballpark-neighborhood-bold-goals-for-water-conservation-during-fourth-state-of-the-city-address/
Microsoft Word - SOTC for Translation - Google Docs.doc SPA.docx,https://www.slc.gov/wp-content/uploads/2023/01/SOTC-espanol.pdf,117.3KB,2023-01-25 19:14:55+00:00,,,,2023-01-25 19:14:55+00:00,macOS Version 12.4 (Build 21F79) Quartz PDFContext,17,%PDF-1.3,https://www.slc.gov/blog/2023/01/24/mayor-mendenhall-announces-historic-100-million-investment-in-ballpark-neighborhood-bold-goals-for-water-conservation-during-fourth-state-of-the-city-address/
ceremonial_resolution_2_20_24.pdf,https://www.slc.gov/council/wp-content/uploads/sites/31/2024/02/ceremonial_resolution_2_20_24.pdf,230.8KB,2024-02-20 19:36:47-07:00,,,,2024-02-20 19:33:43-07:00,Adobe PSL 1.3e for Canon,2,%PDF-1.6,https://www.slc.gov/blog/2024/02/21/salt-lake-city-council-mayor-adopt-joint-resolution-for-peace/
Spanish-Mayor Mendenhall releases comprehensive Public Safety Plan,http://www.slc.gov/mayor/wp-content/uploads/sites/51/2025/01/Spanish-Mayor-Mendenhall-releases-comprehensive-Public-Safety-Plan.pdf,77.4KB,2025-01-16 21:54:45+00:00,"Detrick, Ashley",,,2025-01-16 21:54:45+00:00,macOS Version 15.1 (Build 24B83) Quartz PDFContext,2,%PDF-1.3,https://www.slc.gov/blog/2025/01/16/mayor-mendenhall-releases-comprehensive-public-safety-plan/
"Spanish- Salt Lake City announces artists selected to participate in citywide public art project, ‘Wake the Great Salt Lake’",http://www.slc.gov/mayor/wp-content/uploads/sites/51/2024/07/Spanish-Salt-Lake-City-announces-artists-selected-to-participate-in-citywide-public-art-project-‘Wake-the-Great-Salt-Lake.pdf,111.7KB,2024-07-16 19:19:02+00:00,"Detrick, Ashley",,,2024-07-16 19:19:02+00:00,macOS Version 14.5 (Build 23F79) Quartz PDFContext,4,%PDF-1.3,https://www.slc.gov/blog/2024/07/16/salt-lake-city-announces-artists-selected-to-participate-in-citywide-public-art-project-wake-the-great-salt-lake/
2021BUDGETSPEECH.pdf,http://www.slcdocs.com/mayor/2021BUDGETSPEECH.pdf,215.1KB,2021-05-05 01:25:41+00:00,,,,2021-05-05 01:25:41+00:00,,9,%PDF-1.7,https://www.slc.gov/blog/2021/05/04/mayor-announces-fy-21-22-budget-that-meets-critical-needs-fosters-opportunity/
Budget2122_ES.pdf,http://www.slcdocs.com/mayor/Budget2122_ES.pdf,155.6KB,2021-05-05 01:10:50+00:00,Renato Rios Gonzalez,,,2021-05-05 01:10:50+00:00,,10,%PDF-1.7,https://www.slc.gov/blog/2021/05/04/mayor-announces-fy-21-22-budget-that-meets-critical-needs-fosters-opportunity/
Mayor's Recommended Budget Book FY 2021-22,http://www.slcdocs.com/budget/mayor2022.pdf,9.4MB,2021-06-17 19:16:25+00:00,anonymous,,,2021-05-13 14:23:14+00:00,Wdesk Fidelity Content Translations Version 004.069.011,302,%PDF-1.6,https://www.slc.gov/blog/2021/05/04/mayor-announces-fy-21-22-budget-that-meets-critical-needs-fosters-opportunity/
Salt-Lake-City-Annual-Progress-Report-Card-1.pdf,http://www.slc.gov/wp-content/uploads/2021/01/Salt-Lake-City-Annual-Progress-Report-Card-1.pdf,144.6KB,,,,,,Skia/PDF m90,10,%PDF-1.5,https://www.slc.gov/reportcard/
Spanish_City Thread awards grant to Salt Lake City to improve transportation systems,http://www.slc.gov/wp-content/uploads/2024/09/Spanish_City-Thread-awards-grant-to-Salt-Lake-City-to-improve-transportation-systems.pdf,77.3KB,2024-09-13 19:06:56+00:00,"Detrick, Ashley",,,2024-09-13 19:06:56+00:00,macOS Version 14.6.1 (Build 23G93) Quartz PDFContext,3,%PDF-1.3,https://www.slc.gov/blog/2024/09/12/city-thread-awards-grant-to-salt-lake-city-to-improve-transportation-systems/
Microsoft Word - Press_Release_RDA_announcement 03012023 Spanish.docx,http://www.slc.gov/wp-content/uploads/2023/03/Spanish-RDA_announcement-03012023-Spanish.pdf,68.0KB,2023-03-02 17:01:14+00:00,,,,2023-03-02 17:01:14+00:00,macOS Version 12.4 (Build 21F79) Quartz PDFContext,2,%PDF-1.3,https://www.slc.gov/blog/2023/02/28/rda-mixed-use-project-backed-by-15-5mm-in-city-funds-breaks-ground-on-former-north-temple-motel-site/
local-officials-bears-ears-amicus-brief.pdf,https://slcmayorblogdotcom.files.wordpress.com/2018/11/local-officials-bears-ears-amicus-brief.pdf,189.8KB,2018-11-19 14:09:19-05:00,Caroline Cox,,,2018-11-19 14:09:13-05:00,Adobe PDF Library 15.0,30,%PDF-1.5,https://www.slc.gov/blog/2018/11/19/utah-mayors-and-council-members-file-amicus-briefs-in-cases-challenging-trump-administration-action-on-bears-ears-and-grand-staircase-escalante-national-monuments/
local-officials-gse-amicus-brief.pdf,https://slcmayorblogdotcom.files.wordpress.com/2018/11/local-officials-gse-amicus-brief.pdf,238.6KB,2018-11-19 14:09:56-05:00,Caroline Cox,,,2018-11-19 14:09:50-05:00,Adobe PDF Library 15.0,31,%PDF-1.5,https://www.slc.gov/blog/2018/11/19/utah-mayors-and-council-members-file-amicus-briefs-in-cases-challenging-trump-administration-action-on-bears-ears-and-grand-staircase-escalante-national-monuments/
Spanish_Salt Lake City awarded $2.9M federal grant to make Redwood Road safer for residents,http://www.slc.gov/mayor/wp-content/uploads/sites/51/2024/09/Spanish_Salt-Lake-City-awarded-2.9M-federal-grant-to-make-Redwood-Road-safer-for-residents.pdf,81.6KB,2024-09-06 22:47:23+00:00,"Detrick, Ashley",,,2024-09-06 22:47:23+00:00,macOS Version 14.6.1 (Build 23G93) Quartz PDFContext,2,%PDF-1.3,https://www.slc.gov/blog/2024/09/06/salt-lake-city-awarded-2-9m-federal-grant-to-make-redwood-road-safer-for-residents/
Spanish_Mayor-Mendenhall-city-leaders-announce-three-concepts-in-Ballpark-Next-redevelopment-vision.pdf,http://www.slc.gov/mayor/wp-content/uploads/sites/51/2024/12/Spanish_Mayor-Mendenhall-city-leaders-announce-three-concepts-in-Ballpark-Next-redevelopment-vision.pdf,74.2KB,2024-12-11 18:24:36+00:00,,,,2024-12-11 18:24:36+00:00,macOS Version 15.1 (Build 24B83) Quartz PDFContext,2,%PDF-1.3,https://www.slc.gov/blog/2024/12/10/mayor-mendenhall-city-leaders-announce-three-concepts-in-ballpark-next-redevelopment-vision/
Spanish_Salt-Lake-City-updates-Sustainable-Infrastructure-Policy-as-new-projects-kick-off.pdf,http://www.slc.gov/mayor/wp-content/uploads/sites/51/2024/10/Spanish_Salt-Lake-City-updates-Sustainable-Infrastructure-Policy-as-new-projects-kick-off.pdf,116.5KB,2024-10-07 21:27:20+00:00,,,,2024-10-07 21:27:20+00:00,macOS Version 14.6.1 (Build 23G93) Quartz PDFContext,3,%PDF-1.3,https://www.slc.gov/blog/2024/10/07/salt-lake-city-updates-sustainable-infrastructure-policy-as-new-projects-kick-off/
Microsoft Word - 11_Water Shortage Contingency Plan.doc,http://www.slcdocs.com/utilities/PDF%20Files/11_Water%20Shortage%20Contingency%20Plan.pdf,69.9KB,2009-03-23 13:30:28-06:00,E. Scott Swanson,,,2009-03-23 13:30:06-06:00,Acrobat Distiller 6.0 (Windows),14,%PDF-1.4,https://www.slc.gov/blog/2018/04/10/mayor-biskupski-will-initiate-first-stage-of-addressing-potential-water-shortage-a-call-for-salt-lake-city-agencies-residents-and-businesses-to-conserve/
Spanish_New pickleball courts unveiled in Salt Lake City's Rosewood Park following sewer improvements,http://www.slc.gov/mayor/wp-content/uploads/sites/51/2024/09/Spanish_New-pickleball-courts-unveiled-in-Salt-Lake-Citys-Rosewood-Park-following-sewer-improvements.pdf,92.3KB,2024-09-05 20:53:45+00:00,"Detrick, Ashley",,,2024-09-05 20:53:45+00:00,macOS Version 14.6.1 (Build 23G93) Quartz PDFContext,2,%PDF-1.3,https://www.slc.gov/blog/2024/09/05/new-pickleball-courts-unveiled-in-salt-lake-citys-rosewood-park-following-sewer-improvements/
Mayors-Press-Release_Spanish.pdf,http://www.slc.gov/mayor/wp-content/uploads/sites/51/2024/01/Mayors-Press-Release_Spanish.pdf,65.5KB,2024-01-31 08:09:12-03:00,Gabriela - inlingua,,,2024-01-31 08:09:11-03:00,Adobe PDF Library 11.0,2,%PDF-1.5,https://www.slc.gov/blog/2024/01/31/mayor-erin-mendenhall-salt-lake-city-is-strong-unwavering-undaunted/
2024-State-of-the-City-Address.pdf,http://www.slc.gov/mayor/wp-content/uploads/sites/51/2024/01/2024-State-of-the-City-Address.pdf,104.3KB,2024-01-31 00:01:47+00:00,,,,2024-01-31 00:01:47+00:00,macOS Version 13.2.1 (Build 22D68) Quartz PDFContext,13,%PDF-1.3,https://www.slc.gov/blog/2024/01/31/mayor-erin-mendenhall-salt-lake-city-is-strong-unwavering-undaunted/
2024-State-of-the-City-Address_Spanish.pdf,http://www.slc.gov/mayor/wp-content/uploads/sites/51/2024/01/2024-State-of-the-City-Address_Spanish.pdf,126.7KB,2024-01-31 00:10:05-03:00,,,,2024-01-31 00:10:03-03:00,Adobe PDF Library 11.0,13,%PDF-1.5,https://www.slc.gov/blog/2024/01/31/mayor-erin-mendenhall-salt-lake-city-is-strong-unwavering-undaunted/
SLC-Safe-Streets-pr-Spanish.pdf,http://www.slc.gov/mayor/wp-content/uploads/sites/51/2023/12/SLC-Safe-Streets-pr-Spanish.pdf,164.7KB,2023-12-20 19:10:32+00:00,,,,2023-12-20 19:10:32+00:00,macOS Version 12.4 (Build 21F79) Quartz PDFContext,2,%PDF-1.3,https://www.slc.gov/blog/2023/12/19/salt-lake-city-receives-953000-grant-for-safe-streets-for-all-pilot-program/
Spanish_-Eastbound-lane-closure-on-2100-S-between-900-and-1100-East-for-utility-upgrades-Media-release.pdf,http://www.slc.gov/mayor/wp-content/uploads/sites/51/2024/06/Spanish_-Eastbound-lane-closure-on-2100-S-between-900-and-1100-East-for-utility-upgrades-Media-release.pdf,121.8KB,2024-06-13 19:43:11+00:00,,,,2024-06-13 19:43:11+00:00,macOS Version 12.7.4 (Build 21H1123) Quartz PDFContext,2,%PDF-1.3,https://www.slc.gov/blog/2024/06/13/eastbound-lane-closure-on-2100-s-between-900-and-1100-east-for-utility-upgrades/
Spanish_-Renovation-of-Northwest-Pipeline-Building-in-Salt-Lake-City-moving-forward-with-family-friendly-focus-as-new-development-team-chosen.pdf,http://www.slc.gov/mayor/wp-content/uploads/sites/51/2024/06/Spanish_-Renovation-of-Northwest-Pipeline-Building-in-Salt-Lake-City-moving-forward-with-family-friendly-focus-as-new-development-team-chosen.pdf,99.2KB,2024-06-04 20:15:59+00:00,,,,2024-06-04 20:15:59+00:00,macOS Version 12.7.4 (Build 21H1123) Quartz PDFContext,2,%PDF-1.3,https://www.slc.gov/blog/2024/06/04/renovation-of-northwest-pipeline-building-in-salt-lake-city-moving-forward-with-family-friendly-focus-as-new-development-team-chosen/
Microsoft Word - January 2020 SLC Good Neighbor Guide final.docx,http://www.slc.gov/wp-content/uploads/2020/02/January-2020-SLC-Good-Neighbor-Guide-final.pdf,142.0KB,2020-02-19 21:27:56+00:00,,,,2020-02-19 21:27:56+00:00,macOS Version 10.15.3 (Build 19D76) Quartz PDFContext,2,%PDF-1.3,https://www.slc.gov/community-councils/
CommunityCouncilMap.pdf,http://www.slcdocs.com/comcoun/pdfs/CommunityCouncilMap.pdf,437.4KB,,,,,2022-10-21 14:28:09-07:00,,1,%PDF-1.6,https://www.slc.gov/community-councils/
sidewalk_dining_guidelines.pdf,https://www.slcdocs.com/Planning/Guides/sidewalk_dining_guidelines.pdf,3.5MB,2021-07-26 08:58:30-06:00,,,,2021-07-26 08:51:30-06:00,Adobe PDF Library 15.0,46,%PDF-1.7,https://www.slc.gov/permits/
SPanish_-Glendale-Regional-Park-chosen-as-future-home-of-iconic-public-art-commission-Release.pdf,http://www.slc.gov/mayor/wp-content/uploads/sites/51/2024/05/SPanish_-Glendale-Regional-Park-chosen-as-future-home-of-iconic-public-art-commission-Release.pdf,118.6KB,2024-05-08 21:50:50+00:00,,,,2024-05-08 21:50:50+00:00,macOS Version 12.7.4 (Build 21H1123) Quartz PDFContext,2,%PDF-1.3,https://www.slc.gov/blog/2024/05/08/glendale-regional-park-chosen-as-future-home-of-iconic-public-art-commission-for-salt-lake-citys-westside/
9th-construction-spanish.pdf,http://www.slc.gov/mayor/wp-content/uploads/sites/51/2023/08/9th-construction-spanish.pdf,127.5KB,2023-08-09 16:31:33+00:00,,,,2023-08-09 16:31:33+00:00,macOS Version 12.4 (Build 21F79) Quartz PDFContext,1,%PDF-1.3,https://www.slc.gov/blog/2023/08/04/900-south-reconstruction-begins-work-at-9th-and-9th/
Engagement-Planning.pdf,http://www.slc.gov/wp-content/uploads/2023/10/Engagement-Planning.pdf,7.6MB,2023-10-09 16:00:49-06:00,,,,2023-10-09 16:00:44-06:00,Adobe PDF Library 17.0,14,%PDF-1.4,https://www.slc.gov/civic-engagement/
Internal-Guidelines-Best-Practices_FINAL.pdf,http://www.slc.gov/can/wp-content/uploads/sites/8/2020/12/Internal-Guidelines-Best-Practices_FINAL.pdf,216.6KB,2020-12-02 13:04:37-07:00,,,,2020-12-02 13:04:36-07:00,Adobe PDF Library 15.0,5,%PDF-1.4,https://www.slc.gov/civic-engagement/
Engagement-Methods.pdf,http://www.slc.gov/wp-content/uploads/2023/10/Engagement-Methods.pdf,7.4MB,2023-10-09 16:16:10-06:00,,,,2023-10-09 16:16:03-06:00,Adobe PDF Library 17.0,27,%PDF-1.4,https://www.slc.gov/civic-engagement/
After-Action-Report-2019-Fillable.pdf,http://www.slc.gov/can/wp-content/uploads/sites/8/2020/03/After-Action-Report-2019-Fillable.pdf,94.0KB,2019-12-09 10:09:12-07:00,,,,2019-11-26 09:06:39-07:00,Adobe PDF Library 15.0,2,%PDF-1.6,https://www.slc.gov/civic-engagement/
Microsoft Word - FMLA - English (April 2023) (Spanish)_fin.docx,https://www.dol.gov/sites/dolgov/files/WHD/legacy/files/fmlasp.pdf,235.5KB,2023-05-09 17:32:23-07:00,,,,2023-05-03 14:28:04+00:00,macOS Versión 10.16 (Compilación 21G72) Quartz PDFContext,1,%PDF-1.4,https://www.slc.gov/spanish-faq-servicios-empresariales-y-de-empleo/
comunicadoPSP.pdf,http://www.slcdocs.com/mayor/comunicadoPSP.pdf,130.4KB,2020-07-29 16:32:54+00:00,"Bier, David",,,2020-07-29 16:32:54+00:00,,2,%PDF-1.7,https://www.slc.gov/blog/2020/07/28/salt-lake-city-to-resume-fares-at-parking-meters/
RoseParkConnect_SPANISH.pdf,http://www.slcdocs.com/mayor/RoseParkConnect_SPANISH.pdf,80.2KB,2020-08-04 23:52:28+00:00,"Bier, David",,,2020-08-04 23:52:28+00:00,,2,%PDF-1.7,https://www.slc.gov/blog/2020/08/04/pilot-program-offers-access-to-internet-computers-for-rose-park-residents/
Microsoft Word - Hispanic Heritage month espanol,http://www.slc.gov/wp-content/uploads/2022/09/Hispanic-Heritage-month-espanol.pdf,34.0KB,2022-09-15 22:14:47+00:00,,,,2022-09-15 22:14:47+00:00,macOS Version 12.4 (Build 21F79) Quartz PDFContext,1,%PDF-1.3,https://www.slc.gov/blog/2022/09/16/salt-lake-city-leaders-celebrate-start-of-hispanic-heritage-month/
Press-Release-Template.pdf,http://www.slc.gov/mayor/wp-content/uploads/sites/51/2020/06/Press-Release-Template.pdf,118.9KB,2020-06-01 23:53:34+00:00,"Bier, David",,,2020-06-01 23:53:34+00:00,,2,%PDF-1.7,https://www.slc.gov/blog/2020/06/01/salt-lake-city-enacts-week-long-nighttime-curfew/
Proclamation 10 of 2020.pdf,http://www.slc.gov/wp-content/uploads/2020/06/Proclamation-10.pdf,1.1MB,2020-06-01 16:53:00-06:00,LK4614,,,2020-06-01 16:53:00-06:00,Microsoft: Print To PDF,2,%PDF-1.7,https://www.slc.gov/blog/2020/06/01/salt-lake-city-enacts-week-long-nighttime-curfew/
proclamation-10-civil-unrest_sp.pdf,http://www.slc.gov/mayor/wp-content/uploads/sites/51/2020/06/proclamation-10-civil-unrest_sp.pdf,100.7KB,2020-06-01 23:54:14+00:00,"Otto, Rachel",,,2020-06-01 23:54:14+00:00,,3,%PDF-1.7,https://www.slc.gov/blog/2020/06/01/salt-lake-city-enacts-week-long-nighttime-curfew/
2021-Plan.pdf,https://www.slc.gov/wp-content/uploads/2021/01/2021-Plan.pdf,690.0KB,,,,,,Skia/PDF m90,13,%PDF-1.5,https://www.slc.gov/blog/2021/09/20/salt-lake-city-embarks-on-effort-to-understand-mitigate-gentrification/
For-Release-Salt-Lake-City-secures-39-million.-Spanish.pdf,http://www.slc.gov/mayor/wp-content/uploads/sites/51/2024/03/For-Release-Salt-Lake-City-secures-39-million.-Spanish.pdf,106.8KB,2024-03-25 15:57:23+00:00,,,,2024-03-25 15:57:23+00:00,macOS Version 12.4 (Build 21F79) Quartz PDFContext,2,%PDF-1.3,https://www.slc.gov/blog/2024/03/25/salt-lake-city-secures-39-million-to-replace-lead-service-lines-utilizing-federal-partnership-to-support-public-health-and-efficient-water-management/
Microsoft Word - SPANISH Healthcare Innovation Blueprint. .docx,http://www.slc.gov/mayor/wp-content/uploads/sites/51/2022/02/SPANISH-Healthcare-Innovation-Blueprint.-.pdf,56.3KB,2022-02-28 20:15:26+00:00,,,,2022-02-28 20:15:26+00:00,macOS Version 11.6 (Build 20G165) Quartz PDFContext,4,%PDF-1.3,https://www.slc.gov/blog/2022/02/22/mayor-mendenhall-releases-health-care-innovation-blueprint-to-help-empower-upward-mobility-for-underserved-residents/
Health-Care-Innovation-Blueprint-Final.pdf,http://www.slc.gov/mayor/wp-content/uploads/sites/51/2022/02/Health-Care-Innovation-Blueprint-Final.pdf,11.5MB,2022-02-15 13:20:22-07:00,,,,2022-02-15 13:13:12-07:00,Adobe PDF Library 16.0,20,%PDF-1.4,https://www.slc.gov/blog/2022/02/22/mayor-mendenhall-releases-health-care-innovation-blueprint-to-help-empower-upward-mobility-for-underserved-residents/
Spanish-Mayor-Goals.pdf,http://www.slc.gov/mayor/wp-content/uploads/sites/51/2024/02/Spanish-Mayor-Goals.pdf,48.5KB,2024-02-28 19:20:49+00:00,,,,2024-02-28 19:20:49+00:00,macOS Version 12.4 (Build 21F79) Quartz PDFContext,2,%PDF-1.3,https://www.slc.gov/blog/2024/02/28/mayor-mendenhall-releases-2024-goals-for-salt-lake-city/
ComunicadodePrensa.pdf,http://www.slc.gov/wp-content/uploads/2020/05/ComunicadodePrensa.pdf,150.2KB,2020-05-31 21:34:24+00:00,"Bier, David",,,2020-05-31 21:34:24+00:00,,3,%PDF-1.7,https://www.slc.gov/blog/2020/05/30/mayor-erin-mendenhall-issues-emergency-proclamation-enacting-curfew-for-city/
Microsoft Word - EmergencyProclamation_sp[1].doc,http://www.slc.gov/wp-content/uploads/2020/05/EmergencyProclamation_sp1.pdf,104.1KB,2020-05-31 20:59:45+00:00,,,,2020-05-31 20:59:45+00:00,macOS Version 10.15.5 (Build 19F96) Quartz PDFContext,2,%PDF-1.3,https://www.slc.gov/blog/2020/05/30/mayor-erin-mendenhall-issues-emergency-proclamation-enacting-curfew-for-city/
EmergencyProclamation.pdf,http://www.slc.gov/wp-content/uploads/2020/05/EmergencyProclamation.pdf,300.4KB,2020-05-30 18:37:03-07:00,,,,2020-05-30 18:25:30-07:00,Adobe Sign,2,%PDF-1.7,https://www.slc.gov/blog/2020/05/30/mayor-erin-mendenhall-issues-emergency-proclamation-enacting-curfew-for-city/
Spanish_Salt-Lake-City-seeks-public-feedback-on-Liberty-Park-playground-replacement.pdf,http://www.slc.gov/mayor/wp-content/uploads/sites/51/2024/05/Spanish_Salt-Lake-City-seeks-public-feedback-on-Liberty-Park-playground-replacement.pdf,91.5KB,2024-05-10 18:17:31+00:00,,,,2024-05-10 18:17:31+00:00,macOS Version 12.7.4 (Build 21H1123) Quartz PDFContext,2,%PDF-1.3,https://www.slc.gov/blog/2024/05/10/salt-lake-city-seeks-public-feedback-on-liberty-park-playground-replacement/
Mayor-Mendenhalls-statement-on-announcement-of-NHL-team-coming-to-Salt-Lake-City-Spanish.pdf,http://www.slc.gov/mayor/wp-content/uploads/sites/51/2024/04/Mayor-Mendenhalls-statement-on-announcement-of-NHL-team-coming-to-Salt-Lake-City-Spanish.pdf,94.1KB,2024-04-19 17:30:02+00:00,,,,2024-04-19 17:30:02+00:00,macOS Version 12.7.4 (Build 21H1123) Quartz PDFContext,1,%PDF-1.3,https://www.slc.gov/blog/2024/04/19/statement-from-mayor-erin-mendenhall-on-the-announcement-of-nhl-team-coming-to-salt-lake-city/
Microsoft Word - Document1,http://www.slcdocs.com/IMS/FTR_PlayerInstall.pdf,88.9KB,2017-01-10 19:05:47-07:00,pr4445,,,2017-01-10 19:04:17-07:00,Acrobat Distiller 15.0 (Windows),1,%PDF-1.6,https://www.slc.gov/slc-infobase/
Spanish_Public invited to Sunnyside Park Open House for input on improvements,http://www.slc.gov/mayor/wp-content/uploads/sites/51/2024/09/Spanish_Public-invited-to-Sunnyside-Park-Open-House-for-input-on-improvements.pdf,87.2KB,2024-09-16 20:57:32+00:00,"Detrick, Ashley",,,2024-09-16 20:57:32+00:00,macOS Version 14.6.1 (Build 23G93) Quartz PDFContext,2,%PDF-1.3,https://www.slc.gov/blog/2024/09/13/public-invited-to-sunnyside-park-open-house-for-input-on-improvements/
2017-18_Grant_Recommendations_Public%20Release.pdf,http://www.slcdocs.com/hand/2017-18_Grant_Recommendations_Public%20Release.pdf,111.1KB,2017-02-10 12:50:09-07:00,"Schumann, Jennifer",,,2017-02-10 12:50:08-07:00,Adobe PDF Library 11.0,1,%PDF-1.5,https://www.slc.gov/blog/2017/03/02/salt-lake-city-seeks-public-comment-on-proposed-2017-18-projects-to-be-funded-with-federal-dollars/
2025 State of the City Address by Mayor Erin Mendenhall,http://www.slc.gov/mayor/wp-content/uploads/sites/51/2025/01/2025-State-of-the-City-Address-by-Mayor-Erin-Mendenhall.pdf,195.5KB,,,,,,Skia/PDF m134 Google Docs Renderer,10,%PDF-1.4,https://www.slc.gov/blog/2025/01/28/mayor-erin-mendenhall-salt-lake-city-is-focused-on-residents-day-to-day-issues/
2025-State-of-the-City-Address_Spanish.pdf,http://www.slc.gov/mayor/wp-content/uploads/sites/51/2025/01/2025-State-of-the-City-Address_Spanish.pdf,95.3KB,2025-01-29 19:06:14+00:00,,,,2025-01-29 19:06:14+00:00,macOS Version 15.1 (Build 24B83) Quartz PDFContext,11,%PDF-1.3,https://www.slc.gov/blog/2025/01/28/mayor-erin-mendenhall-salt-lake-city-is-focused-on-residents-day-to-day-issues/
Letterhead template for plain stock,http://www.slc.gov/mayor/wp-content/uploads/sites/51/2022/03/CITY-COUNCIL-TRANSMITTAL-2020-Salt-Lake-City-Pay-Equity-Audit-with-report-1.pdf,512.6KB,2021-03-05 11:25:02-07:00,"Rojas, Matthew",,,2021-03-04 11:57:29-07:00,Adobe Acrobat Pro DC (32-bit) 21.1.20142,15,%PDF-1.7,https://www.slc.gov/blog/2022/03/22/salt-lake-city-prioritizes-achieves-pay-equity/
Remembering-former-Salt-Lake-City-Mayor-Ted-Wilson-Spanish.pdf,http://www.slc.gov/mayor/wp-content/uploads/sites/51/2024/04/Remembering-former-Salt-Lake-City-Mayor-Ted-Wilson-Spanish.pdf,155.2KB,2024-04-15 19:07:31+00:00,,,,2024-04-15 19:07:31+00:00,macOS Version 12.7.4 (Build 21H1123) Quartz PDFContext,2,%PDF-1.3,https://www.slc.gov/blog/2024/04/15/remembering-former-salt-lake-city-mayor-ted-wilson/
Spanish_Salt Lake City announces 2024 community food microgrant awardees,http://www.slc.gov/mayor/wp-content/uploads/sites/51/2024/07/Spanish_Salt-Lake-City-announces-2024-community-food-microgrant-awardees.pdf,93.7KB,2024-07-19 00:16:26+00:00,"Detrick, Ashley",,,2024-07-19 00:16:26+00:00,macOS Version 14.5 (Build 23F79) Quartz PDFContext,2,%PDF-1.3,https://www.slc.gov/blog/2024/07/18/salt-lake-city-announces-2024-community-food-microgrant-awardees/
Spanish-Salt-Lake-City-warns-of-parking-fee-scam.pdf,http://www.slc.gov/mayor/wp-content/uploads/sites/51/2025/01/Spanish-Salt-Lake-City-warns-of-parking-fee-scam.pdf,375.3KB,2025-01-27 21:31:19+00:00,,,,2025-01-27 21:31:19+00:00,macOS Version 15.1 (Build 24B83) Quartz PDFContext,2,%PDF-1.3,https://www.slc.gov/blog/2025/01/27/salt-lake-city-warns-of-parking-fee-scam/
2021-Plan.pdf,http://www.slc.gov/wp-content/uploads/2021/01/2021-Plan.pdf,690.0KB,,,,,,Skia/PDF m90,13,%PDF-1.5,https://www.slc.gov/2021plan/
Spanish-For-Release.-Building-on-spring-success-Salt-Lake-City-launches-winter-landscaping-equipment-exchange.pdf,http://www.slc.gov/mayor/wp-content/uploads/sites/51/2024/10/Spanish-For-Release.-Building-on-spring-success-Salt-Lake-City-launches-winter-landscaping-equipment-exchange.pdf,101.0KB,2024-10-22 21:22:32+00:00,,,,2024-10-22 21:22:32+00:00,macOS Version 14.6.1 (Build 23G93) Quartz PDFContext,2,%PDF-1.3,https://www.slc.gov/blog/2024/10/22/building-on-spring-success-salt-lake-city-launches-winter-landscaping-equipment-exchange/
DACA.pdf,http://www.slc.gov/mayor/wp-content/uploads/sites/51/2020/06/DACA.pdf,97.3KB,2020-06-18 17:38:03+00:00,"Bier, David",,,2020-06-18 17:38:03+00:00,,1,%PDF-1.7,https://www.slc.gov/blog/2020/06/18/mayor-mendenhalls-statement-on-supreme-court-daca-decision/
CensoComunicado.pdf,http://www.slcdocs.com/mayor/CensoComunicado.pdf,123.7KB,2020-06-22 19:02:26+00:00,"Bier, David",,,2020-06-22 19:02:26+00:00,,2,%PDF-1.7,https://www.slc.gov/blog/2020/06/22/my-voice-my-census-my-future-a-community-town-hall-in-spanish/
FY23-24 Funded CIP Projects,https://www.slc.gov/Finance/wp-content/uploads/sites/3/2023/08/FY24_FundedCIPProjects-Summary-Handout.pdf,295.1KB,,,,,,Skia/PDF m117 Google Docs Renderer,4,%PDF-1.4,https://www.slc.gov/blog/2023/09/01/salt-lake-citys-capital-improvement-program-accepting-resident-applications-for-fy25/
ComunicadoPrensa-1.pdf,https://www.slc.gov/mayor/wp-content/uploads/sites/51/2020/09/ComunicadoPrensa-1.pdf,140.6KB,2020-09-23 20:59:23+00:00,"Bier, David",,,2020-09-23 20:59:23+00:00,,3,%PDF-1.7,https://www.slc.gov/blog/2020/09/23/millions-in-rental-assistance-funding-still-available/
CDC-Eng_2-2.pdf,https://nlihc.org/sites/default/files/CDC-Eng_2-2.pdf,399.6KB,2021-01-11 09:27:07-05:00,,,,2020-09-24 21:12:44-04:00,Adobe PDF Library 15.0,3,%PDF-1.7,https://www.slc.gov/blog/2020/09/23/millions-in-rental-assistance-funding-still-available/
Microsoft Word - SevenCanyonsFountain_Spanish[83].docx,http://www.slc.gov/mayor/wp-content/uploads/sites/51/2023/03/SevenCanyonsFountain_Spanish83.pdf,45.9KB,2023-03-29 17:58:41+00:00,,,,2023-03-29 17:58:41+00:00,macOS Version 12.4 (Build 21F79) Quartz PDFContext,2,%PDF-1.3,https://www.slc.gov/blog/2024/02/29/salt-lake-city-to-open-love-your-block-grants-to-residents-for-2024/
Love-Your-Block-Grants_Spanish.pdf,http://www.slc.gov/mayor/wp-content/uploads/sites/51/2024/02/Love-Your-Block-Grants_Spanish.pdf,41.1KB,2024-02-29 21:43:46+00:00,,,,2024-02-29 21:43:46+00:00,macOS Version 12.4 (Build 21F79) Quartz PDFContext,2,%PDF-1.3,https://www.slc.gov/blog/2024/02/29/salt-lake-city-to-open-love-your-block-grants-to-residents-for-2024/
Landscaping-Equipment-Launch-Press-Release-May-6-Spanish.pdf,http://www.slc.gov/mayor/wp-content/uploads/sites/51/2024/05/Landscaping-Equipment-Launch-Press-Release-May-6-Spanish.pdf,36.3KB,2024-05-06 16:53:31+00:00,,,,2024-05-06 16:53:31+00:00,macOS Version 12.7.4 (Build 21H1123) Quartz PDFContext,2,%PDF-1.3,https://www.slc.gov/blog/2024/05/06/salt-lake-city-launches-clean-air-slc-program-with-landscaping-equipment-exchange/
Microsoft Word - Glendale Park PR spanish,http://www.slc.gov/mayor/wp-content/uploads/sites/51/2022/09/Glendale-Park-PR-spanish.pdf,51.8KB,2022-09-06 23:15:53+00:00,,,,2022-09-06 23:15:53+00:00,macOS Version 12.4 (Build 21F79) Quartz PDFContext,2,%PDF-1.3,https://www.slc.gov/blog/2022/09/06/ambitious-vision-plan-for-glendale-regional-park-released/
Spanish_New Greek-inspired restaurant in Salt Lake City approved for EDLF loan,http://www.slc.gov/mayor/wp-content/uploads/sites/51/2024/11/Spanish_New-Greek-inspired-restaurant-in-Salt-Lake-City-approved-for-EDLF-loan.pdf,99.8KB,2024-11-15 20:05:13+00:00,"Detrick, Ashley",,,2024-11-15 20:05:13+00:00,macOS Version 15.1 (Build 24B83) Quartz PDFContext,2,%PDF-1.3,https://www.slc.gov/blog/2024/11/15/new-greek-inspired-restaurant-in-salt-lake-city-approved-for-edlf-loan-2/
Spanish-Main-Street.pdf,http://www.slc.gov/mayor/wp-content/uploads/sites/51/2023/10/Spanish-Main-Street.pdf,132.6KB,2023-10-17 21:04:46+00:00,,,,2023-10-17 21:04:46+00:00,macOS Version 12.4 (Build 21F79) Quartz PDFContext,2,%PDF-1.3,https://www.slc.gov/blog/2023/10/17/salt-lake-city-seeks-public-feedback-on-main-street-vision-2/
For Release. Spanish_ Salt Lake City vegan bakery gets EDLF loan to assist building out first physical location,http://www.slc.gov/mayor/wp-content/uploads/sites/51/2024/06/For-Release.-Spanish_-Salt-Lake-City-vegan-bakery-gets-EDLF-loan-to-assist-building-out-first-physical-location.pdf,108.0KB,2024-06-25 17:40:42+00:00,"Detrick, Ashley",,,2024-06-25 17:40:42+00:00,macOS Version 14.5 (Build 23F79) Quartz PDFContext,2,%PDF-1.3,https://www.slc.gov/blog/2024/06/25/salt-lake-city-vegan-bakery-gets-edlf-loan-to-assist-building-out-first-physical-location/
Microsoft Word - SPANISH Glendale Release Final.docx,http://www.slc.gov/mayor/wp-content/uploads/sites/51/2022/03/SPANISH-Glendale-Release-Final.pdf,85.7KB,2022-03-16 16:14:41+00:00,,,,2022-03-16 16:14:41+00:00,macOS Version 11.6 (Build 20G165) Quartz PDFContext,2,%PDF-1.3,https://www.slc.gov/blog/2022/03/16/salt-lake-city-launches-public-survey-for-new-regional-park-at-the-site-of-former-glendale-water-park/
Salt-Lake-City-shares-vision-and-implementation-plan-for-West-Downtown-transit-oriented-hub-of-art-community-wellness-and-economic-growth-Spanish.pdf,http://www.slc.gov/mayor/wp-content/uploads/sites/51/2024/04/Salt-Lake-City-shares-vision-and-implementation-plan-for-West-Downtown-transit-oriented-hub-of-art-community-wellness-and-economic-growth-Spanish.pdf,108.8KB,2024-04-17 19:00:06+00:00,,,,2024-04-17 19:00:06+00:00,macOS Version 12.7.4 (Build 21H1123) Quartz PDFContext,3,%PDF-1.3,https://www.slc.gov/blog/2024/04/16/salt-lake-city-shares-vision-and-implementation-plan-for-west-downtown-transit-oriented-hub-of-art-community-wellness-and-economic-growth/
Microsoft Word - SOTC_FINAL.docx,http://www.slc.gov/wp-content/uploads/2021/01/SOTC_FINALForWeb.pdf,87.7KB,2021-01-27 01:24:01+00:00,,,,2021-01-27 01:24:01+00:00,macOS Version 11.1 (Build 20C69) Quartz PDFContext,13,%PDF-1.3,https://www.slc.gov/2021sotc/
Microsoft Word - SOTC_sp final.docx,http://www.slc.gov/wp-content/uploads/2021/01/SOTC_spForWeb.pdf,85.6KB,2021-01-26 22:09:56+00:00,,,,2021-01-26 22:09:56+00:00,macOS Version 11.1 (Build 20C69) Quartz PDFContext,15,%PDF-1.3,https://www.slc.gov/2021sotc/
EconDevBytheNumbers,https://slcmayorblogdotcom.files.wordpress.com/2017/12/econdevbythenumbers1.pdf,1.4MB,2017-12-28 11:55:14-07:00,,,,2017-12-28 11:54:12-07:00,Adobe PDF library 15.00,1,%PDF-1.5,https://www.slc.gov/blog/2017/12/28/salt-lake-citys-new-department-helps-bring-in-6000-jobs/
For Release_Spanish- Open Streets returns to downtown Salt Lake City this July,http://www.slc.gov/mayor/wp-content/uploads/sites/51/2024/07/For-Release_Spanish-Open-Streets-returns-to-downtown-Salt-Lake-City-this-July.pdf,109.9KB,2024-07-01 18:36:10+00:00,"Detrick, Ashley",,,2024-07-01 18:36:10+00:00,macOS Version 14.5 (Build 23F79) Quartz PDFContext,3,%PDF-1.3,https://www.slc.gov/blog/2024/07/01/open-streets-returns-to-downtown-salt-lake-city-this-july/
Salt Lake City Bond Viability – Y2 Draft,http://www.slc.gov/wp-content/uploads/2018/08/Salt-Lake-City-Bond-Viability-–-Y2.pdf,4.0MB,2018-08-13 15:29:19-06:00,,,,2018-08-08 18:12:16+00:00,Mac OS X 10.13.6 Quartz PDFContext,10,%PDF-1.4,https://www.slc.gov/blog/2018/08/15/mayor-biskupski-urges-residents-to-learn-and-vote-on-salt-lake-city-streets-bond/
Spanish-SLC-launches-Consumer-Protection-Complaint-Portal-for-residents.pdf,http://www.slc.gov/mayor/wp-content/uploads/sites/51/2024/03/Spanish-SLC-launches-Consumer-Protection-Complaint-Portal-for-residents.pdf,41.6KB,2024-03-05 20:18:01+00:00,,,,2024-03-05 20:18:01+00:00,macOS Version 12.4 (Build 21F79) Quartz PDFContext,2,%PDF-1.3,https://www.slc.gov/blog/2024/03/05/salt-lake-city-launches-consumer-protection-complaint-portal-for-residents/
Spanish_Salt Lake City launches historical markers pilot program,http://www.slc.gov/mayor/wp-content/uploads/sites/51/2025/01/Spanish_Salt-Lake-City-launches-historical-markers-pilot-program.pdf,75.0KB,2025-01-07 17:59:49+00:00,"Detrick, Ashley",,,2025-01-07 17:59:49+00:00,macOS Version 15.1 (Build 24B83) Quartz PDFContext,2,%PDF-1.3,https://www.slc.gov/blog/2025/01/06/salt-lake-city-launches-historical-markers-pilot-program/
Microsoft Word - SPANISH Education Comunication Hires Release Final.docx,http://www.slc.gov/mayor/wp-content/uploads/sites/51/2022/03/SPANISH-Education-Comunication-Hires-Release-Final.pdf,95.0KB,2022-03-17 21:43:57+00:00,,,,2022-03-17 21:43:57+00:00,macOS Version 11.6 (Build 20G165) Quartz PDFContext,2,%PDF-1.3,https://www.slc.gov/blog/2022/03/22/new-education-advisor-communications-director-hired-to-salt-lake-city-mayors-office/
Spanish_For Release_Lehi Quiet Zone Reinstatement,http://www.slc.gov/mayor/wp-content/uploads/sites/51/2025/01/Spanish_For-Release_Lehi-Quiet-Zone-Reinstatement.pdf,85.7KB,2025-01-06 22:33:25+00:00,"Detrick, Ashley",,,2025-01-06 22:33:25+00:00,macOS Version 15.1 (Build 24B83) Quartz PDFContext,1,%PDF-1.3,https://www.slc.gov/blog/2025/01/06/lehi-quiet-zone-reinstatement/
Spanish_Salt-Lake-City-opens-applications-to-residents-for-capital-improvement-ideas.pdf,http://www.slc.gov/mayor/wp-content/uploads/sites/51/2024/09/Spanish_Salt-Lake-City-opens-applications-to-residents-for-capital-improvement-ideas.pdf,95.6KB,2024-09-04 18:07:57+00:00,,,,2024-09-04 18:07:57+00:00,macOS Version 14.6.1 (Build 23G93) Quartz PDFContext,2,%PDF-1.3,https://www.slc.gov/blog/2024/09/03/salt-lake-city-opens-applications-to-residents-for-capital-improvement-ideas/
ComunicadoPrensa.pdf,http://www.slc.gov/wp-content/uploads/2020/06/ComunicadoPrensa.pdf,52.7KB,2020-06-12 00:23:55+00:00,"Bier, David",,,2020-06-12 00:23:55+00:00,,1,%PDF-1.7,https://www.slc.gov/blog/2020/06/11/mayor-mendenhall-issues-11th-emergency-proclamation/
Proclamacion-No-11-outdoor-dining-and-retail1_SPANISH_F4.pdf,http://www.slc.gov/wp-content/uploads/2020/06/Proclamacion-No-11-outdoor-dining-and-retail1_SPANISH_F4.pdf,256.1KB,2020-06-12 01:41:24+02:00,Renato Rios Gonzalez,,,2020-06-12 01:41:21+02:00,Adobe PDF Library 20.9.95,3,%PDF-1.6,https://www.slc.gov/blog/2020/06/11/mayor-mendenhall-issues-11th-emergency-proclamation/
INSTRUCTIONS,http://www.slc.gov/mayor/wp-content/uploads/sites/51/2020/06/Emergency-Proclamation-No-11-outdoor-dining-and-retail112.pdf,1.2MB,2020-06-11 18:12:09-06:00,LK4614,,,2020-06-11 14:16:37-06:00,Microsoft: Print To PDF,2,%PDF-1.7,https://www.slc.gov/blog/2020/06/11/mayor-mendenhall-issues-11th-emergency-proclamation/
covid decision tree,https://www.slc.gov/wp-content/uploads/2020/07/COVID-19-Symptoms-Decision-Tree.pdf,76.7KB,2020-05-13 16:58:24-06:00,Christie,,"DAD7bZaRODQ,BAD3dn6sZO8",2020-05-06 23:04:53+00:00,Canva,4,%PDF-1.6,https://www.slc.gov/ramp/
Spanish_Public-invited-to-join-Mayor-Mendenhall-for-a-bike-ride-during-National-Bike-Month.pdf,http://www.slc.gov/mayor/wp-content/uploads/sites/51/2024/05/Spanish_Public-invited-to-join-Mayor-Mendenhall-for-a-bike-ride-during-National-Bike-Month.pdf,92.4KB,2024-05-15 18:35:33+00:00,,,,2024-05-15 18:35:33+00:00,macOS Version 12.7.4 (Build 21H1123) Quartz PDFContext,1,%PDF-1.3,https://www.slc.gov/blog/2024/05/15/public-invited-to-join-mayor-mendenhall-for-a-bike-ride-during-national-bike-month/
Microsoft Word - GO BOND spanish,http://www.slc.gov/wp-content/uploads/2022/10/GO-BOND-spanish.pdf,32.4KB,2022-10-19 18:34:36+00:00,,,,2022-10-19 18:34:36+00:00,macOS Version 12.4 (Build 21F79) Quartz PDFContext,1,%PDF-1.3,https://www.slc.gov/blog/2022/10/10/salt-lake-city-invites-registered-voters-to-weigh-in-on-the-parks-trails-and-open-space-bond/
21d.pdf,http://www.slcdocs.com/Planning/Projects/Current%20Initiatives/21d.pdf,1.7MB,2017-02-23 15:15:15-07:00,,,,2017-02-23 15:15:07-07:00,Adobe PDF Library 10.0.1,22,%PDF-1.7,https://www.slc.gov/blog/2017/06/08/salt-lake-city-seeks-feedback-on-proposed-roadway-redesign-of-2100-south/
EBMP.pdf,http://www.slcdocs.com/Planning/MasterPlansMaps/EBMP.pdf,34.1MB,2017-02-28 15:05:46-07:00,,,,2017-02-28 15:03:38-07:00,Adobe PDF Library 10.0.1,130,%PDF-1.7,https://www.slc.gov/blog/2017/06/08/salt-lake-city-seeks-feedback-on-proposed-roadway-redesign-of-2100-south/
SHMP.pdf,http://www.slcdocs.com/Planning/MasterPlansMaps/SHMP.pdf,3.5MB,2009-04-29 17:14:22-06:00,,,,2007-09-18 18:42:29-06:00,Adobe PDF Library 7.0,23,%PDF-1.6,https://www.slc.gov/blog/2017/06/08/salt-lake-city-seeks-feedback-on-proposed-roadway-redesign-of-2100-south/
SB272-Spanish.pdf,http://www.slc.gov/mayor/wp-content/uploads/sites/51/2024/03/SB272-Spanish.pdf,37.3KB,2024-03-01 20:37:50+00:00,,,,2024-03-01 20:37:50+00:00,macOS Version 12.4 (Build 21F79) Quartz PDFContext,1,%PDF-1.3,https://www.slc.gov/blog/2024/03/01/joint-statement-on-the-passage-of-s-b-272/
2024-11_MySLC-Infographic-English.pdf,http://www.slc.gov/wp-content/uploads/2024/12/2024-11_MySLC-Infographic-English.pdf,110.9KB,2024-12-17 11:46:00-07:00,,,,2024-12-17 11:46:00-07:00,Adobe PDF Library 17.0,1,%PDF-1.6,https://www.slc.gov/myslc/
2024-11_MySLC-Infographic-Spanish.pdf,http://www.slc.gov/wp-content/uploads/2024/12/2024-11_MySLC-Infographic-Spanish.pdf,112.9KB,2024-12-17 11:44:17-07:00,,,,2024-12-17 11:44:17-07:00,Adobe PDF Library 17.0,1,%PDF-1.6,https://www.slc.gov/myslc/
Mayor-Exercise-of-Emergency-Power-B-Arctic-Temps-Elk-202355.pdf,http://www.slc.gov/mayor/wp-content/uploads/sites/51/2023/03/Mayor-Exercise-of-Emergency-Power-B-Arctic-Temps-Elk-202355.pdf,1.3MB,2023-03-03 18:38:11+00:00,,,,2023-03-03 00:32:29+00:00,"macOS Version 12.4 (Build 21F79) Quartz PDFContext, AppendMode 1.1",2,%PDF-1.6,https://www.slc.gov/blog/2023/03/03/salt-lake-city-issues-order-temporarily-requiring-dogs-to-be-on-leash-in-parleys-historic-nature-park-due-to-elk-herd/
Microsoft Word - 49406-49406_Orellana_Emergency_ProclamationDec2022_12212022_Spanish[96].docx,http://www.slc.gov/mayor/wp-content/uploads/sites/51/2022/12/Emergency_ProclamationDec2022_12212022_Spanish96.pdf,30.6KB,2022-12-21 19:08:27+00:00,,,,2022-12-21 19:08:27+00:00,macOS Version 12.4 (Build 21F79) Quartz PDFContext,1,%PDF-1.3,https://www.slc.gov/blog/2022/12/20/mayor-mendenhall-issues-order-to-expand-shelter-capacity-in-salt-lake-city-amid-freezing-temperatures-county-and-state-partners-commit-additional-resources/
translate,https://translate.google.com/translate?hl=en&prev=_t&sl=en&tl=es&u=http://jobs.utah.gov/covid19/snapfaq.pdf,167.6KB,2023-01-04 21:52:32+00:00,,,,2023-01-04 21:52:32+00:00,Skia/PDF m108,3,%PDF-1.4,https://www.slc.gov/spanish-faq-servicios-de-comida/
SLCPLNeedsAssessment.pdf,https://www.slcdocs.com/parks/SLCPLNeedsAssessment.pdf,12.9MB,2019-05-17 11:27:14-06:00,,,,2019-05-17 11:25:01-06:00,Adobe PDF Library 15.0,136,%PDF-1.5,https://www.slc.gov/blog/2020/08/26/salt-lake-city-asks-for-community-input-to-kick-off-development-of-new-public-lands-master-plan-reimagine-nature/
Spanish - Salt Lake City launches third year of microgrants to increase food access & gardening,http://www.slc.gov/mayor/wp-content/uploads/sites/51/2025/02/Spanish-Salt-Lake-City-launches-third-year-of-microgrants-to-increase-food-access-gardening.pdf,73.4KB,2025-02-06 18:41:50+00:00,"Detrick, Ashley",,,2025-02-06 18:41:50+00:00,macOS Version 15.1 (Build 24B83) Quartz PDFContext,2,%PDF-1.3,https://www.slc.gov/blog/2025/02/05/salt-lake-city-launches-third-year-of-microgrants-to-increase-food-access-gardening/
Spanish-Optimized-waste-and-recycling-collection-routes-to-improve-efficiency-service-in-Salt-Lake-City.pdf,http://www.slc.gov/mayor/wp-content/uploads/sites/51/2025/01/Spanish-Optimized-waste-and-recycling-collection-routes-to-improve-efficiency-service-in-Salt-Lake-City.pdf,90.6KB,2025-01-09 22:05:37+00:00,,,,2025-01-09 22:05:37+00:00,macOS Version 15.1 (Build 24B83) Quartz PDFContext,2,%PDF-1.3,https://www.slc.gov/blog/2025/01/09/new-year-new-pickup-day-optimized-waste-and-recycling-collection-routes-to-improve-efficiency-service-in-salt-lake-city/
